{"安居区":[105.40448083063491, 30.371604702443243],"安岳县":[105.2724234430512, 29.98986151804346],"安州区":[104.46730042779153, 31.541752898338295],"巴南区":[106.68740049880361, 29.435110863912346],"巴州区":[106.85326515737758, 31.80585892488485],"北碚区":[106.43164575396301, 29.816446429658793],"北川羌族自治县":[104.45466503448672, 31.642189915074603],"璧山区":[106.23125157290119, 29.574775299112176],"苍溪县":[106.03805399513705, 31.798163750296855],"长宁县":[104.98528914207682, 28.438873109289652],"长寿区":[107.1509159610662, 30.122166519314906],"朝天区":[105.91107837863947, 32.641416040849165],"成华区":[104.14572585319945, 30.65790342849987],"崇州市":[103.66404241098884, 30.643504879769655],"船山区":[105.59753397826925, 30.51550531596217],"翠屏区":[104.6571890168646, 28.91563064950277],"达川区":[107.37606218313071, 31.12757448397918],"大安区":[104.92671718748105, 29.384769215840997],"大渡口区":[106.48610586078017, 29.480803518896433],"大邑县":[103.53314925498373, 30.644616623587797],"大英县":[105.30724273228938, 30.595198120688597],"大足区":[105.76440441216751, 29.56961867892191],"德昌县":[102.28048923952191, 27.210596227055273],"垫江县":[107.41268279472963, 30.220286022746567],"东坡区":[103.77793105457766, 30.043170728834518],"东区":[101.7623402358562, 26.592037034520757],"东兴区":[105.08114179821453, 29.560454356424348],"都江堰市":[103.72934773320492, 30.917556280391803],"峨眉山市":[103.5095672374056, 29.591032494617696],"恩阳区":[106.56748304236788, 31.72411553347665],"丰都县":[107.79809168071839, 30.0130315874901],"奉节县":[109.29783696491216, 30.87834346783628],"涪城区":[104.69713746954707, 31.44828294687634],"涪陵区":[107.3197845656385, 29.687358663559532],"富顺县":[104.67883300000324, 29.14614099999924],"高坪区":[106.1856456733372, 30.779202415102088],"高县":[104.5007480000001, 28.28435100000001],"珙县":[104.71624655082519, 28.448588165484352],"贡井区":[104.56468349160387, 29.300783558449385],"古蔺县":[106.16264439350012, 27.889988368400008],"广安区":[106.68887747811091, 30.606993813755075],"广汉市":[104.28570592371662, 30.9818912821681],"合川区":[106.26653708495763, 29.99192653478375],"合江县":[105.79924476888077, 28.85270903559459],"会东县":[102.59798160453795, 26.60503916077503],"会理县":[102.19977530927738, 26.56828015965298],"夹江县":[103.55183676540325, 29.766385780900006],"嘉陵区":[105.96482135572717, 30.67399669024409],"犍为县":[103.9317140512967, 29.18134851442783],"简阳市":[104.51017005627928, 30.446848478390958],"剑阁县":[105.51403105065195, 32.227713764939054],"江北区":[106.54326817537228, 29.58051748741543],"江津区":[106.22859223857184, 29.248912467535323],"江阳区":[105.41166805689306, 28.86854098926348],"江油市":[104.87372630572914, 31.851819546754783],"金牛区":[104.09850673658318, 30.749508053963957],"金堂县":[104.44191606401445, 30.856671457625776],"金阳县":[103.24014366279951, 27.641478859800085],"锦江区":[104.08331557529992, 30.656209655499932],"旌阳区":[104.39643680601658, 31.16445314398524],"井研县":[104.00136070231738, 29.523900355285043],"九龙坡区":[106.43756260809486, 29.498227962810503],"筠连县":[104.59674633333364, 28.029894410256436],"开江县":[107.84545681595263, 31.04488133385894],"开州区":[108.31819129842793, 31.14372122038785],"阆中市":[106.00497799010012, 31.55836434999985],"乐至县":[104.98491573699256, 30.34867078935639],"雷波县":[103.60994481610027, 28.509373220400214],"利州区":[105.75899974856611, 32.40811678796094],"邻水县":[106.93674752030014, 30.327753842100027],"龙马潭区":[105.43134046280734, 28.95550044846117],"龙泉驿区":[104.23797993729984, 30.597541402894052],"隆昌市":[105.26908185707818, 29.29638530942171],"泸县":[105.45453085595946, 29.09784922889506],"罗江区":[104.52278706618009, 31.335667488989277],"马边彝族自治县":[103.57135315887471, 28.905107513559585],"米易县":[102.09155616285446, 26.8915186085726],"绵竹市":[104.18440361507518, 31.338015244214073],"冕宁县":[102.14977906109927, 28.423876948358178],"沐川县":[103.7057201436317, 29.069463488175813],"纳溪区":[105.36420291545815, 28.676513137498382],"南岸区":[106.5645792166157, 29.529194368779663],"南部县":[106.11016417999963, 31.291700194900095],"南川区":[107.0989574781, 29.1578897247],"南江县":[106.80470414347192, 32.30210268791154],"南溪区":[104.81522647210247, 28.908821164654352],"宁南县":[102.78516729203663, 27.06068310286809],"彭山区":[103.87010199999999, 30.192299],"彭水苗族土家族自治县":[108.27632347733477, 29.194735571895652],"彭州市":[103.93924205647971, 31.01545015083312],"蓬安县":[106.42620940339079, 30.98811242343013],"蓬溪县":[105.62630728925028, 30.734089369793747],"郫都区":[103.9283357375546, 30.79578690458258],"平昌县":[107.1513597657052, 31.651962342525824],"屏山县":[104.29712164988855, 28.775858672996637],"蒲江县":[103.51724555189907, 30.199272096500334],"普格县":[102.56981724804086, 27.37783993476796],"綦江区":[106.73150140919424, 28.9179720244847],"前锋区":[106.82471671477066, 30.51194858887811],"青白江区":[104.25200111599756, 30.85426149699943],"青川县":[105.24556236085725, 32.58271650712426],"青羊区":[103.93921614509982, 30.688696994699978],"邛崃市":[103.4656593369741, 30.410577469164256],"仁和区":[101.73741135506744, 26.537043085294506],"仁寿县":[104.03121680021093, 30.027577383673137],"任丘市":[116.3824102996, 38.743363555600006],"荣昌区":[105.5524133566132, 29.42357227712668],"荣县":[104.32460354764429, 29.399043246387023],"三台县":[104.87928342385214, 31.35325188990821],"沙坪坝区":[106.40792436164597, 29.54775829150106],"沙湾区":[103.60429806510281, 29.41444564388094],"射洪县":[105.39216839399242, 30.863238458220184],"什邡市":[104.08630778648414, 31.16876382273609],"石柱土家族自治县":[108.1624296778319, 29.9798720600181],"市中区":[103.81605299476239, 29.56605991794955],"双流区":[104.04721012075443, 30.484394743967034],"顺庆区":[106.09332464448167, 30.85887944002234],"通川区":[107.4947765613092, 31.272042452051085],"通江县":[107.25456874270314, 31.931824849168837],"铜梁区":[106.0549469999978, 29.83994499999976],"潼南区":[105.84333219150636, 30.19100198125631],"万源市":[107.6078425415982, 31.953609814401226],"万州区":[108.40131840607856, 30.756634039185254],"旺苍县":[106.30550143949786, 32.23159629049893],"威远县":[104.53513716939867, 29.677339095628344],"温江区":[103.82359558949645, 30.702682625597397],"五通桥区":[103.80425717698215, 29.42038941161201],"武侯区":[103.98674476321962, 30.621912280869417],"武隆区":[107.4088492996618, 29.39918923571447],"西昌市":[102.19361579434064, 27.873903778754553],"西充县":[105.8423677386484, 31.076849922711084],"西区":[101.61567999629277, 26.59624120895099],"喜德县":[102.62575859330042, 28.30391967979995],"新都区":[104.07913240875115, 30.806525984750525],"新津县":[103.8119286114, 30.4121036061],"秀山土家族苗族自治县":[109.24749324950001, 28.724825042900108],"叙永县":[105.27436800000002, 27.870932],"叙州区":[104.41765159080843, 28.852756151935296],"宣汉县":[108.01148152440044, 31.360051292999923],"沿滩区":[104.84606319315887, 29.24573242706839],"盐边县":[101.69116557704686, 26.76939324882316],"盐源县":[101.59527652834238, 27.52226371439864],"雁江区":[104.68638286842048, 30.085637389169708],"仪陇县":[106.4744944350339, 31.508939337528137],"永川区":[105.89309884621635, 29.330125627358623],"游仙区":[104.83434613255652, 31.497692885503984],"酉阳土家族苗族自治县":[108.72918760132524, 28.700592858038],"渝北区":[106.53314844323198, 29.620568889638793],"渝中区":[106.5623297633706, 29.556410854291208],"雨城区":[103.01686232015794, 29.97866224110677],"岳池县":[106.39136109302312, 30.452258381039773],"越西县":[102.50078758381504, 28.591716773431735],"云阳县":[108.71350951472286, 31.10495690542201],"昭化区":[105.80801022794601, 32.13394444601958],"昭觉县":[102.7174641823995, 27.93858247559991],"中江县":[104.69407591284795, 31.021566932189277],"忠县":[108.06019847897042, 30.48550944535395],"资中县":[104.96834279917312, 29.81894207513654],"梓潼县":[105.09746332858401, 31.644819216742288],"自流井区":[104.71961361721604, 29.284043173264088]}